Enough Raging,18
Microcosmos Paradise,13
Harry Idaho,30
Operation Operation,27
Gilbert Pelican,9
Blackout Private,27
Born Spinal,12
Thin Sagebrush,11
Armageddon Lost,21
Eagles Panky,22
Strangelove Desire,24
Birds Perdition,18
Speakeasy Date,12
Open African,21
Lover Truman,10
Falcon Volume,22
Harper Dying,20
Italian African,6
Silverado Goldfinger,12
Gold River,14
Saints Bride,8
Sunrise League,24
Annie Identity,22
Intrigue Worst,20
Beast Hunchback,11
Pulp Beverly,30
Backlash Undefeated,19
Elf Murder,7
Feud Frogmen,25
Artist Coldblooded,16
Quills Bull,16
Manchurian Curtain,15
Sea Virgin,22
Attacks Hate,16
Doors President,19
Darko Dorado,11
Cat Coneheads,30
Iron Moon,11
Juggler Hardly,32
Philadelphia Wife,23
Human Graffiti,15
Indian Love,16
Smile Earring,10
Daddy Pittsburgh,13
Bugsy Song,11
Exorcist Sting,13
Canyon Stock,19
Empire Malkovich,21
Anthem Luke,15
Noon Papi,17
Contact Anonymous,26
Madre Gables,14
Enemy Odds,29
Darkness War,13
Extraordinary Conquerer,6
Saddle Antitrust,14
Beauty Grease,22
Alone Trip,18
Kiss Glory,22
Women Dorado,23
Eve Resurrection,7
Alter Victory,22
Devil Desire,15
Escape Metropolis,25
Congeniality Quest,22
Desert Poseidon,19
Amadeus Holy,21
Luke Mummy,7
Graffiti Love,30
Maker Gables,10
Soldiers Evolution,8
Novocaine Flight,19
Impossible Prejudice,14
Family Sweet,29
Kane Exorcist,14
Disciple Mother,19
Sassy Packer,13
Victory Academy,9
Shock Cabin,30
Jericho Mulan,17
Talented Homicide,29
Driving Polish,21
Club Graffiti,19
Diary Panic,9
Stage World,10
English Bulworth,30
Bikini Borrowers,17
Rebel Airport,8
Grit Clockwork,32
Antitrust Tomatoes,10
Durham Panky,26
National Story,19
Rocky War,16
Midsummer Groundhog,22
Paris Weekend,14
Ship Wonderland,15
Married Go,30
Potter Connecticut,17
Right Cranes,10
Straight Hours,20
Boiled Dares,15
Desperate Trainspotting,6
Trojan Tomorrow,19
Bunch Minds,5
Wife Turn,31
Closer Bang,28
Rugrats Shakespeare,30
Insects Stone,18
Date Speed,13
Pilot Hoosiers,16
Grease Youth,21
Rocketeer Mother,33
Evolution Alter,12
Feathers Metal,11
Taxi Kick,17
Legend Jedi,9
Majestic Floats,17
Factory Dragon,17
Gentlemen Stage,23
Moulin Wake,16
Fugitive Maguire,11
Rollercoaster Bringing,10
Virgin Daisy,17
American Circus,22
Behavior Runaway,13
Tights Dawn,26
Greek Everyone,17
Polish Brooklyn,18
Gangs Pride,27
Hunting Musketeers,15
Lesson Cleopatra,7
Ladybugs Armageddon,6
Breaking Home,13
Hall Cassidy,16
Encounters Curtain,19
Sleepless Monsoon,20
Happiness United,6
Midnight Westward,17
Bed Highball,6
Gorgeous Bingo,19
Spinal Rocky,13
Requiem Tycoon,19
Deceiver Betrayed,21
Scorpion Apollo,23
Musketeers Wait,17
Ridgemont Submarine,32
Superfly Trip,10
Intentions Empire,17
Jumping Wrath,24
Lucky Flying,13
Airplane Sierra,15
Peach Innocent,14
Bear Graceland,22
Sting Personal,21
Wagon Jaws,10
Wash Heavenly,23
Inch Jet,18
Trap Guys,16
Flatliners Killer,22
Comancheros Enemy,6
Cranes Reservoir,11
Hobbit Alien,31
Monsoon Cause,9
Pianist Outfield,21
Punk Divorce,8
Uptown Young,12
Jeopardy Encino,10
Hanky October,26
Samurai Lion,25
Necklace Outbreak,15
Donnie Alley,14
Zoolander Fiction,17
Goldfinger Sensibility,24
Joon Northwest,17
Beverly Outlaw,21
Primary Glass,27
Freddy Storm,23
Sierra Divide,15
Christmas Moonshine,21
Sleepy Japanese,21
Gunfight Moon,24
Pity Bound,26
Vanilla Day,9
Control Anthem,7
Magic Mallrats,7
Harold French,8
Party Knock,13
Secrets Paradise,20
Confused Candles,17
Reds Pocus,9
Virginian Pluto,29
Conquerer Nuts,16
Jungle Closer,9
Wrath Mile,14
Valley Packer,15
Mob Duffel,12
Dumbo Lust,6
Cruelty Unforgiven,7
Robbery Bright,13
Window Side,12
Whale Bikini,18
Pinocchio Simon,20
Day Unfaithful,14
Dalmations Sweden,20
Spiking Element,13
Stranger Strangers,11
Edge Kissing,15
North Tequila,11
Impact Aladdin,9
Champion Flatliners,13
Masked Bubble,20
Fireball Philadelphia,21
Mask Peach,17
Clones Pinocchio,19
Airport Pollock,18
Notting Speakeasy,10
Darling Breaking,9
Invasion Cyclone,27
Bowfinger Gables,11
Cincinatti Whisperer,13
Innocent Usual,26
Wizard Coldblooded,16
Mermaid Insects,16
Mourning Purple,21
Balloon Homeward,23
Clyde Theory,8
Secret Groundhog,21
Shepherd Midsummer,25
Grosse Wonderful,8
Fargo Gandhi,24
Informer Double,5
Unfaithful Kill,8
Arabia Dogma,13
Theory Mermaid,11
Destiny Saturday,16
Rear Trading,17
Streak Ridgemont,16
Boulevard Mob,18
Wardrobe Phantom,27
Pickup Driving,16
Daughter Madigan,9
Games Bowfinger,14
Fish Opus,25
Karate Moon,23
Muscle Bright,30
Bilko Anonymous,13
Flying Hook,20
Panic Club,7
Clue Grail,7
Hotel Happiness,9
Shakespeare Saddle,22
Meet Chocolate,12
Madison Trap,15
Santa Paris,11
Telemark Heartbreakers,25
Clash Freddy,25
Untouchables Sunrise,8
Borrowers Bedazzled,22
Holocaust Highball,17
Hawk Chill,7
Redemption Comforts,20
Patriot Roman,16
Hedwig Alter,12
Tarzan Videotape,8
Waterfront Deliverance,17
Chisum Behavior,13
Newton Labyrinth,17
President Bang,7
Robbers Joon,31
Apocalypse Flamingos,6
Rouge Squad,18
Zorro Ark,31
Gilmore Boiled,28
Sweethearts Suspects,29
Maguire Apache,9
Pluto Oleander,16
Flight Lies,12
Timberland Sky,31
Private Drop,5
Usual Untouchables,13
Attraction Newton,24
Insider Arizona,20
Doom Dancing,21
Warlock Werewolf,6
Blade Polish,22
Coldblooded Darling,16
Trouble Date,23
Lights Deer,8
Dynamite Tarzan,25
West Lion,16
Jet Neighbors,20
Shrunk Divine,14
Early Home,7
Gunfighter Mussolini,12
Story Side,28
Lebowski Soldiers,21
Labyrinth League,15
Lost Bird,12
Silence Kane,16
Ghostbusters Elf,9
Virtual Spoilers,14
Greatest North,29
Frost Head,30
Dwarfs Alter,9
Louisiana Harry,17
Egypt Tenenbaums,17
Bull Shawshank,16
Mosquito Armageddon,15
Odds Boogie,15
Natural Stock,13
Wedding Apollo,24
Darn Forrester,18
Chasing Fight,20
Mockingbird Hollywood,24
Uncut Suicides,14
Wait Cider,21
Fellowship Autumn,26
Divorce Shining,7
Undefeated Dalmations,21
Jacket Frisco,18
Hanging Deep,19
Crossroads Casualties,21
Bill Others,19
Oklahoma Jumanji,6
Bulworth Commandments,7
Autumn Crow,11
Jerk Paycheck,20
Charade Duffel,15
Minority Kiss,12
Mixed Doors,4
Run Pacific,10
Mulholland Beast,7
Wonka Sea,18
Summer Scarface,16
Drifter Commandments,24
Boogie Amelie,29
Salute Apollo,23
Deep Crusade,14
Guys Falcon,9
Smoochy Control,12
Holes Brannigan,15
Ishtar Rocketeer,7
Lion Uncut,18
Glory Tracy,5
Orient Closer,17
Pollock Deliverance,18
Rage Games,19
Hamlet Wisdom,14
Jingle Sagebrush,13
Earth Vision,23
Horror Reign,27
Terminator Club,6
Loverboy Attacks,12
Trading Pinocchio,25
Unforgiven Zoolander,18
Daisy Menagerie,16
Vampire Whale,12
Suspects Quills,30
Racer Egg,18
Werewolf Lola,14
Potluck Mixed,11
Hours Rage,19
Love Suicides,20
Reservoir Adaptation,10
Panky Submarine,15
Heavyweights Beast,23
Cassidy Wyoming,6
Satisfaction Confidential,17
Affair Prejudice,23
Campus Remember,19
Barefoot Manchurian,18
Baby Hall,8
High Encino,22
Youth Kick,6
Teen Apollo,17
Blindness Gun,14
Rushmore Mermaid,6
Smoking Barbarella,18
Beach Heartbreakers,17
Soup Wisdom,8
Ending Crowds,11
African Egg,12
Elizabeth Shane,10
Patton Interview,23
Drumline Cyclone,11
Mine Titans,19
Cleopatra Devil,18
Half Outfield,26
School Jacket,6
Jekyll Frogmen,17
Vanished Garden,7
Lovely Jingle,14
Wisdom Worker,9
Outfield Massacre,20
Shawshank Bubble,19
Birdcage Casper,9
Brooklyn Desert,21
Gosford Donnie,8
Slipper Fidelity,16
Twisted Pirates,11
Command Darling,16
Frisco Forrest,9
Hunchback Impossible,20
Pirates Roxanne,21
South Wait,22
Dances None,14
Sleeping Suspects,24
Double Wrath,25
Suit Walls,21
Bingo Talented,29
Something Duck,19
Casualties Encino,9
Dude Blindness,16
Celebrity Horn,24
Crazy Home,9
Braveheart Human,5
Frogmen Breaking,10
Casablanca Super,16
Heavenly Gun,7
Name Detective,23
Westward Seabiscuit,26
Dawn Pond,18
Chance Resurrection,27
Wind Phantom,23
Dozen Lion,7
Driver Annie,18
Arachnophobia Rollercoaster,24
Candidate Perdition,18
Wonderful Drop,9
Conspiracy Spirit,5
Desire Alien,8
Easy Gladiator,23
Detective Vision,27
Forrest Sons,18
Past Suicides,13
Records Zorro,8
Watership Frontier,6
Scissorhands Slums,15
Cowboy Doom,7
Holy Tadpole,9
Hope Tootsie,18
Poseidon Forever,17
Pure Runner,16
Fantasy Troopers,26
Gathering Calendar,11
Mission Zoolander,18
Scalawag Duck,32
Sense Greek,7
Loser Hustler,15
Siege Madre,15
Valentine Vanishing,12
Everyone Craft,13
Ballroom Mockingbird,8
Duck Racer,6
Element Freddy,10
Translation Summer,15
Newsies Story,7
Giant Troopers,28
Snatch Slipper,22
Haunted Antitrust,6
Graceland Dynamite,6
Patient Sister,19
Stone Fire,11
Bird Independence,11
State Wasteland,13
Doctor Grail,7
Lawrence Love,13
Wonderland Christmas,22
Tootsie Pilot,15
Dinosaur Secretary,20
Deer Virginian,29
Calendar Gunfight,21
Sons Interview,15
Storm Happiness,29
Wyoming Storm,13
King Evolution,9
Volcano Texas,22
Dancing Fever,27
Million Ace,20
Rider Caddyshack,11
Roses Treasure,28
Goldmine Tycoon,27
Wolves Desire,21
Mars Roman,19
Flamingos Connecticut,23
Shootist Superfly,24
Show Lord,25
Haunting Pianist,22
Telegraph Voyage,27
Snatchers Montezuma,9
Downhill Enough,25
Horn Working,24
Submarine Bed,15
Pocus Pulp,26
Chill Luck,22
Swarm Gold,27
Kwai Homeward,23
League Hellfighters,17
Moonwalker Fool,13
Graduate Lord,16
Japanese Run,6
Birch Antitrust,11
Greedy Roots,14
Velvet Terminator,26
Anything Savannah,9
Rings Heartbreakers,15
Honey Ties,19
Chamber Italian,13
Blood Argonauts,10
Mile Mulan,13
Alamo Videotape,24
Coast Rainbow,21
Reef Salute,11
Slums Duck,24
Stallion Sundance,7
Northwest Polish,20
Modern Dorado,15
Magnificent Chitty,8
Liberty Magnificent,12
Jawbreaker Brooklyn,10
Money Harold,20
Secretary Rouge,18
Hunger Roof,13
Hardly Robbers,4
Jersey Sassy,6
Egg Igby,21
Spartacus Cheaper,9
Adaptation Holes,12
Shanghai Tycoon,14
Berets Agent,21
Malkovich Pet,26
Sinners Atlantis,22
Jedi Beneath,19
Worst Banger,16
Chainsaw Uptown,21
Tuxedo Mile,13
Dying Maker,17
Side Ark,12
Identity Lover,13
Circus Youth,15
Super Wyoming,13
Chaplin License,8
Pelican Comforts,26
Crooked Frogmen,23
Searchers Wait,14
Disturbing Scarface,26
Maiden Home,24
Earring Instinct,19
Song Hedwig,11
Hanover Galaxy,17
Yentl Idaho,23
Finding Anaconda,12
Mystic Truman,10
Others Soup,23
Carrie Bunch,23
Nightmare Chill,25
Forrester Comancheros,27
Paycheck Wait,16
Titanic Boondock,23
Fever Empire,5
Mod Secretary,11
Road Roxanne,19
Luck Opus,10
Tenenbaums Command,13
Turn Star,14
Bride Intrigue,19
Connecticut Tramp,13
Wild Apollo,6
Scarface Bang,18
War Notting,12
Fiddler Lost,10
Massage Image,12
Streetcar Intentions,25
Mighty Luck,12
Fidelity Devil,21
Holiday Games,15
Effect Gladiator,25
Ali Forever,9
Gaslight Crusade,16
Tomorrow Hustler,25
Madigan Dorado,10
Color Philadelphia,24
Fool Mockingbird,23
Troopers Metal,14
House Dynamite,23
Park Citizen,8
Chariots Conspiracy,21
Mummy Creatures,16
Encino Elf,19
Express Lonely,13
Intolerable Intentions,9
Confessions Maguire,14
Maude Mod,8
Dogma Family,30
Flash Wars,13
Flintstones Happiness,17
Madness Attacks,25
Town Ark,14
Arizona Bang,21
Bang Kwai,7
Glass Dying,14
Princess Giant,27
Camelot Vacation,27
Rules Human,16
Savannah Town,12
Divine Resurrection,15
Montezuma Command,9
Drop Waterfront,9
Pajama Jawbreaker,14
Steel Santa,23
Runaway Tenenbaums,8
Kramer Chocolate,9
Temple Attraction,12
Sabrina Midnight,21
Elephant Trojan,14
Dolls Rage,9
Traffic Hobbit,5
Idaho Love,17
Platoon Instinct,9
Bedazzled Married,13
Sensibility Rear,10
Sunset Racer,8
Agent Truman,21
Varsity Trip,16
Whisperer Giant,22
Lawless Vision,17
Grail Frankenstein,10
World Leathernecks,8
Tomatoes Hellfighters,14
Paradise Sabrina,18
Phantom Glory,6
Chicken Hellfighters,22
Tracy Cider,26
Frontier Cabin,6
Ace Goldfinger,7
Conversation Downhill,17
Sugar Wonka,17
Jason Trap,24
Homeward Cider,16
Basic Easy,21
Oz Liaisons,24
Dragon Squad,11
Dragonfly Strangers,18
Fire Wolves,7
Lonely Elephant,15
Words Hunter,16
Cyclone Family,15
Fantasia Park,19
Vacation Boondock,21
Breakfast Goldfinger,17
Mannequin Worst,5
Crow Grease,12
Squad Fish,7
Goodfellas Salute,31
Remember Diary,18
Betrayed Rear,15
Killer Innocent,6
Alien Center,22
Won Dares,9
Grapes Fury,22
Witches Panic,30
Sweden Shining,18
Steers Armageddon,15
Stampede Disturbing,14
Lord Arizona,11
Train Bunch,4
Pet Haunting,8
Drums Dynamite,13
Young Language,7
Frida Slipper,11
Leathernecks Dwarfs,7
Wanda Chamber,16
Roots Remember,17
Roxanne Rebel,19
Moon Bunch,29
Galaxy Sweethearts,18
Homicide Peach,22
Angels Life,22
Lolita World,10
Hollow Jeopardy,10
Baked Cleopatra,16
Jaws Harry,14
Pride Alamo,16
Sun Confessions,25
Ghost Groundhog,21
Magnolia Forrester,11
Metal Armageddon,25
Seattle Expecations,24
Raging Airplane,13
Fatal Haunted,28
Massacre Usual,30
Resurrection Silverado,21
Anaconda Confessions,21
Godfather Diary,8
Dracula Crystal,21
Stock Glass,14
Trip Newton,28
Curtain Videotape,27
Zhivago Core,9
Groove Fiction,18
Cause Date,21
Hurricane Affair,24
Runner Madigan,8
Handicap Boondock,28
Alley Evolution,14
Knock Warlock,24
Range Moonwalker,27
Titans Jerk,29
Dangerous Uptown,12
Slacker Liaisons,17
Model Fish,15
Bright Encounters,13
Gun Bonnie,25
Spice Sorority,20
Rush Goodfellas,31
Monster Spartacus,15
Brannigan Sunrise,12
Caddyshack Jedi,16
Uprising Uptown,16
Truman Crazy,23
Monterey Labyrinth,13
Opus Ice,11
Minds Truman,20
Cabin Flash,15
Reap Unfaithful,16
Lose Inch,27
Banger Pinocchio,22
Strangers Graffiti,17
Freedom Cleopatra,5
Ferris Mother,17
Pond Seattle,19
Bubble Grosse,6
Heartbreakers Bright,20
Butterfly Chocolat,30
Mulan Moon,13
Gables Metropolis,19
California Birds,12
Gleaming Jawbreaker,29
Snowman Rollercoaster,23
Beethoven Exorcist,11
Alabama Devil,12
Thief Pelican,19
Groundhog Uncut,18
Shrek License,15
Divide Monster,21
Hook Chariots,13
Oscar Gold,25
Notorious Reunion,14
Language Cowboy,11
Maltese Hope,22
Core Suit,18
Hunter Alter,5
Confidential Interview,29
Nuts Ties,9
Prejudice Oleander,20
Peak Forever,20
Purple Movie,13
Towers Hurricane,11
Expecations Natural,18
Jade Bunch,18
Nemo Campus,14
Vertigo Northwest,8
Panther Reds,15
Weekend Personal,18
Beneath Rush,10
Mussolini Spoilers,5
Life Twisted,10
Clerks Angels,7
Quest Mussolini,20
Doubtfire Labyrinth,10
Fight Jawbreaker,22
Caribbean Liberty,9
Stagecoach Armageddon,26
River Outlaw,20
Grinch Massage,14
Hoosiers Birdcage,8
Liaisons Sweet,22
Academy Dinosaur,23
Apache Divine,31
Shane Darkness,14
Nash Chocolat,15
Hollywood Anonymous,13
Personal Ladybugs,14
Eyes Driving,19
Idols Snatchers,30
Garden Island,20
Amelie Hellfighters,10
Chicago North,16
Hellfighters Sierra,20
Rock Instinct,17
Pizza Jumanji,7
Pacific Amistad,24
Aladdin Calendar,23
Wasteland Divine,15
Bound Cheaper,24
Wrong Behavior,20
Forever Candidate,13
Neighbors Charade,19
Splendor Patton,21
Mother Oleander,14
Instinct Airport,18
Reign Gentlemen,20
Oleander Clue,10
Perfect Groove,17
Craft Outfield,16
Home Pity,14
Prix Undefeated,11
Saturn Name,13
October Submarine,11
Atlantis Cause,24
Sundance Invasion,19
Image Princess,14
Entrapment Satisfaction,15
Reunion Witches,20
Treatment Jekyll,7
Alaska Phantom,26
Coma Head,26
Jeepers Wedding,16
Shining Roses,8
Fury Murder,19
Memento Zoolander,13
Working Microcosmos,25
Head Stranger,22
Cider Desire,19
Network Peak,31
Hustler Party,22
Stepmom Dream,20
French Holiday,17
Queen Luke,22
Sagebrush Clueless,16
Spirit Flintstones,15
License Weekend,7
Vision Torque,7
Igby Maker,19
Badman Dawn,21
Crusade Honey,8
Mallrats United,25
Miracle Virtual,9
Splash Gump,14
Voyage Legally,28
Willow Tracy,16
Texas Watch,6
Matrix Snowman,9
Expendable Stallion,28
Star Operation,21
Murder Antitrust,23
Opposite Necklace,13
Videotape Arsenic,29
Connection Microcosmos,7
Gone Trouble,10
Carol Texas,18
Sleuth Orient,21
Amistad Midsummer,21
Lola Agent,24
Simon North,6
Tequila Past,6
Tycoon Gathering,12
Creepers Kane,14
Fiction Christmas,19
Island Exorcist,26
Comforts Rush,17
Dares Pluto,9
Moonshine Cabin,21
Details Packer,19
Full Flatliners,5
Ties Hunger,11
Coneheads Smoochy,25
Lambs Cincinatti,10
Voice Peach,19
Watch Tracy,16
Metropolis Coma,26
Papi Necklace,8
Brotherhood Blanket,26
Clueless Bucket,25
Caper Motions,24
Spy Mile,27
Highball Potter,21
Freaky Pocus,17
Pittsburgh Hunchback,12
Independence Hotel,19
Seven Swarm,5
Gandhi Kwai,17
Tramp Others,20
Orange Grapes,24
Speed Suit,9
Trainspotting Strangers,11
Dorado Notting,27
Forward Temple,32
Illusion Amelie,15
Worker Tarzan,15
Motions Details,16
Excitement Eve,21
Spoilers Hellfighters,10
Hysterical Grail,15
Sling Luke,6
Hyde Doctor,26
Cheaper Clyde,20
Unbreakable Karate,21
Outbreak Divine,23
Center Dinosaur,24
Lust Lock,15
Blues Instinct,21
Casper Dragonfly,8
Vietnam Smoochy,15
Paths Control,10
Dream Pickup,22
Torque Bound,27
Cupboard Sinners,23
Kick Savannah,20
Analyze Hoosiers,14
Strictly Scarface,23
Random Go,9
Sorority Queen,12
Go Purple,20
Lady Stage,17
Candles Grapes,23
Spirited Casualties,11
Dirty Ace,15
Sweet Brotherhood,15
Wars Pluto,10
Music Boondock,19
Seabiscuit Punk,26
Room Roman,20
Halloween Nuts,10
Army Flintstones,16
Barbarella Streetcar,25
None Spiking,27
Outlaw Hanky,14
Jumanji Blade,8
Tourist Pelican,22
United Pilot,17
Hills Neighbors,25
Roman Punk,24
Chitty Lock,8
Kissing Dolls,20
Menagerie Rushmore,7
Legally Secretary,9
Anonymous Human,13
Interview Liaisons,20
Duffel Apocalypse,7
Lies Treatment,27
Clockwork Paradise,10
Lock Rear,16
Movie Shakespeare,27
Bucket Brotherhood,34
Citizen Shrek,13
Loathing Legally,27
Packer Madigan,22
Chocolat Harry,20
Creatures Shakespeare,16
Blanket Beverly,12
Bringing Hysterical,20
Destination Jerk,8
Vanishing Rocky,18
Bonnie Holocaust,16
Ice Crossing,24
Heaven Freedom,18
Saturday Lambs,28
